task,config,fold,model,seed,n_train,n_test,bal_acc,bal_image,bal_action_image,bal_video,best_epoch,val_bal
valence,R,R1,logreg,,643,160,0.61,0.471,0.675,0.5,,
valence,R,R1,logreg_no_session_norm,,643,160,0.624,0.475,0.568,0.8,,
valence,R,R1,type_only,,643,160,0.613,0.5,0.5,0.5,,
valence,R,R1,eegnet,1,643,160,0.465,0.37,0.459,0.5,23.0,0.488
valence,R,R1,eegnet,2,643,160,0.474,0.33,0.513,0.512,23.0,0.592
valence,R,R1,eegnet,3,643,160,0.545,0.405,0.526,0.7,10.0,0.612
valence,R,R2,logreg,,643,160,0.519,0.625,0.411,0.539,,
valence,R,R2,logreg_no_session_norm,,643,160,0.616,0.555,0.543,0.718,,
valence,R,R2,type_only,,643,160,0.608,0.5,0.5,0.5,,
valence,R,R2,eegnet,1,643,160,0.501,0.605,0.406,0.582,5.0,0.542
valence,R,R2,eegnet,2,643,160,0.439,0.545,0.329,0.458,16.0,0.588
valence,R,R2,eegnet,3,643,160,0.531,0.681,0.457,0.448,8.0,0.593
valence,R,R3,logreg,,643,160,0.597,0.572,0.569,0.525,,
valence,R,R3,logreg_no_session_norm,,643,160,0.605,0.601,0.541,0.575,,
valence,R,R3,type_only,,643,160,0.647,0.5,0.5,0.5,,
valence,R,R3,eegnet,1,643,160,0.555,0.553,0.472,0.633,17.0,0.632
valence,R,R3,eegnet,2,643,160,0.595,0.609,0.535,0.767,6.0,0.581
valence,R,R3,eegnet,3,643,160,0.605,0.526,0.553,0.742,17.0,0.575
valence,R,R4,logreg,,643,160,0.584,0.564,0.511,0.722,,
valence,R,R4,logreg_no_session_norm,,643,160,0.584,0.509,0.506,0.705,,
valence,R,R4,type_only,,643,160,0.636,0.5,0.5,0.5,,
valence,R,R4,eegnet,1,643,160,0.506,0.445,0.45,0.614,13.0,0.613
valence,R,R4,eegnet,2,643,160,0.51,0.464,0.483,0.58,1.0,0.512
valence,R,R4,eegnet,3,643,160,0.582,0.655,0.461,0.676,26.0,0.636
valence,R,R5,logreg,,643,160,0.566,0.559,0.496,0.646,,
valence,R,R5,logreg_no_session_norm,,643,160,0.537,0.552,0.499,0.438,,
valence,R,R5,type_only,,643,160,0.638,0.5,0.5,0.5,,
valence,R,R5,eegnet,1,643,160,0.457,0.559,0.383,0.521,3.0,0.638
valence,R,R5,eegnet,2,643,160,0.473,0.464,0.449,0.479,1.0,0.601
valence,R,R5,eegnet,3,643,160,0.492,0.529,0.412,0.708,8.0,0.549
