task,config,fold,model,seed,n_train,n_test,bal_acc,best_epoch,val_bal
stimtype,R,R1,logreg,,729,181,0.573,,
stimtype,R,R1,logreg_no_session_norm,,729,181,0.739,,
stimtype,R,R1,eegnet,1,729,181,0.638,64.0,0.739
stimtype,R,R1,eegnet,2,729,181,0.601,25.0,0.719
stimtype,R,R1,eegnet,3,729,181,0.592,30.0,0.658
stimtype,R,R2,logreg,,729,181,0.556,,
stimtype,R,R2,logreg_no_session_norm,,729,181,0.666,,
stimtype,R,R2,eegnet,1,729,181,0.598,58.0,0.642
stimtype,R,R2,eegnet,2,729,181,0.669,51.0,0.68
stimtype,R,R2,eegnet,3,729,181,0.627,32.0,0.671
stimtype,R,R3,logreg,,729,181,0.536,,
stimtype,R,R3,logreg_no_session_norm,,729,181,0.679,,
stimtype,R,R3,eegnet,1,729,181,0.679,82.0,0.665
stimtype,R,R3,eegnet,2,729,181,0.633,46.0,0.596
stimtype,R,R3,eegnet,3,729,181,0.587,15.0,0.672
stimtype,R,R4,logreg,,729,181,0.514,,
stimtype,R,R4,logreg_no_session_norm,,729,181,0.696,,
stimtype,R,R4,eegnet,1,729,181,0.639,34.0,0.664
stimtype,R,R4,eegnet,2,729,181,0.659,87.0,0.709
stimtype,R,R4,eegnet,3,729,181,0.643,40.0,0.602
stimtype,R,R5,logreg,,729,181,0.568,,
stimtype,R,R5,logreg_no_session_norm,,729,181,0.722,,
stimtype,R,R5,eegnet,1,729,181,0.641,39.0,0.701
stimtype,R,R5,eegnet,2,729,181,0.706,61.0,0.67
stimtype,R,R5,eegnet,3,729,181,0.639,27.0,0.67
