task,config,description,model,n_test,bal_acc,perm_null_mean,perm_p,bal_acc_sd,bal_testdays_May07_08,bal_May-06,bal_May-07,bal_May-08
stimtype,A,train May-06 + May-07 -> test May-08,logreg,286.0,0.492,0.328,0.005,,,,,
stimtype,A,train May-06 + May-07 -> test May-08,logreg_no_session_norm,286.0,0.563,,,,,,,
stimtype,A,train May-06 + May-07 -> test May-08,eegnet_s1,286.0,0.592,,,,,,,
stimtype,A,train May-06 + May-07 -> test May-08,eegnet_s2,286.0,0.601,,,,,,,
stimtype,A,train May-06 + May-07 -> test May-08,eegnet_s3,286.0,0.535,,,,,,,
stimtype,A,train May-06 + May-07 -> test May-08,eegnet_mean_seeds,,0.576,,,0.029,,,,
stimtype,B,train May-07 only -> test May-08,logreg,286.0,0.543,0.344,0.005,,,,,
stimtype,B,train May-07 only -> test May-08,logreg_no_session_norm,286.0,0.409,,,,,,,
stimtype,B,train May-07 only -> test May-08,eegnet_s1,286.0,0.596,,,,,,,
stimtype,B,train May-07 only -> test May-08,eegnet_s2,286.0,0.501,,,,,,,
stimtype,B,train May-07 only -> test May-08,eegnet_s3,286.0,0.493,,,,,,,
stimtype,B,train May-07 only -> test May-08,eegnet_mean_seeds,,0.53,,,0.047,,,,
stimtype,C,"May-08 only, leave-one-recording-out",logreg,286.0,0.513,0.34,0.0299,,,,,
stimtype,C,"May-08 only, leave-one-recording-out",logreg_no_session_norm,286.0,0.369,,,,,,,
stimtype,C,"May-08 only, leave-one-recording-out",eegnet_s1,286.0,0.448,,,,,,,
stimtype,C,"May-08 only, leave-one-recording-out",eegnet_s2,286.0,0.425,,,,,,,
stimtype,C,"May-08 only, leave-one-recording-out",eegnet_s3,286.0,0.401,,,,,,,
stimtype,C,"May-08 only, leave-one-recording-out",eegnet_mean_seeds,,0.425,,,0.019,,,,
stimtype,D,"all days, leave-one-recording-out (reference)",logreg,910.0,0.476,,,,0.515,0.439,0.555,0.49
stimtype,D,"all days, leave-one-recording-out (reference)",logreg_no_session_norm,910.0,0.563,,,,0.58,0.552,0.59,0.56
stimtype,D,"all days, leave-one-recording-out (reference)",eegnet_s1,910.0,0.579,,,,0.611,0.55,0.553,0.655
stimtype,D,"all days, leave-one-recording-out (reference)",eegnet_s2,910.0,0.569,,,,0.617,0.514,0.567,0.651
stimtype,D,"all days, leave-one-recording-out (reference)",eegnet_s3,910.0,0.579,,,,0.615,0.53,0.614,0.617
stimtype,D,"all days, leave-one-recording-out (reference)",eegnet_mean_seeds,,0.576,,,0.005,,,,
stimtype,E,"May-07 + May-08 only, leave-one-recording-out (D without the first day)",logreg,486.0,0.579,,,,,,,
stimtype,E,"May-07 + May-08 only, leave-one-recording-out (D without the first day)",logreg_no_session_norm,486.0,0.585,,,,,,,
stimtype,E,"May-07 + May-08 only, leave-one-recording-out (D without the first day)",eegnet_s1,486.0,0.54,,,,,,,
stimtype,E,"May-07 + May-08 only, leave-one-recording-out (D without the first day)",eegnet_s2,486.0,0.54,,,,,,,
stimtype,E,"May-07 + May-08 only, leave-one-recording-out (D without the first day)",eegnet_s3,486.0,0.531,,,,,,,
stimtype,E,"May-07 + May-08 only, leave-one-recording-out (D without the first day)",eegnet_mean_seeds,,0.537,,,0.004,,,,
stimtype,CAL,"calibration: first 70% of every recording (by time) -> train, last 30% -> test",logreg,275.0,0.435,,,,,,,
stimtype,CAL,"calibration: first 70% of every recording (by time) -> train, last 30% -> test",logreg_no_session_norm,275.0,0.584,,,,,,,
stimtype,CAL,"calibration: first 70% of every recording (by time) -> train, last 30% -> test",eegnet_s1,275.0,0.493,,,,,,,
stimtype,CAL,"calibration: first 70% of every recording (by time) -> train, last 30% -> test",eegnet_s2,275.0,0.529,,,,,,,
stimtype,CAL,"calibration: first 70% of every recording (by time) -> train, last 30% -> test",eegnet_s3,275.0,0.488,,,,,,,
stimtype,CAL,"calibration: first 70% of every recording (by time) -> train, last 30% -> test",eegnet_mean_seeds,,0.503,,,0.018,,,,
stimtype,R,"random stratified 80/20 trial split, 5 splits",logreg,905.0,0.549,,,,,,,
stimtype,R,"random stratified 80/20 trial split, 5 splits",logreg_no_session_norm,905.0,0.701,,,,,,,
stimtype,R,"random stratified 80/20 trial split, 5 splits",eegnet_s1,905.0,0.639,,,,,,,
stimtype,R,"random stratified 80/20 trial split, 5 splits",eegnet_s2,905.0,0.654,,,,,,,
stimtype,R,"random stratified 80/20 trial split, 5 splits",eegnet_s3,905.0,0.618,,,,,,,
stimtype,R,"random stratified 80/20 trial split, 5 splits",eegnet_mean_seeds,,0.637,,,0.015,,,,
